{
  "train_session_id": "S0_set_1",
  "n_pca_components": 32,
  "pca_whiten": true,
  "neural_lag_bins": 5,
  "kinematic_dim_indices": null,
  "r2_primary_metric": "variance_weighted",
  "within_session_cv_r2_primary_mean": 0.43991454147073944,
  "within_session_cv_r2_primary_folds": [
    0.43954197378813226,
    0.45152721569336113,
    0.44853646760595584,
    0.43720116465410036,
    0.4227658856121478
  ],
  "reference_full_dim_ridge_cv_primary_mean": 0.6085023992631194,
  "reference_full_dim_ridge_cv_primary_folds": [
    0.6189498942251863,
    0.6177171878507224,
    0.6011115634785251,
    0.6074025293727767,
    0.597330821388387
  ],
  "ridge_alpha_chosen": 38.74675120456132,
  "n_neurons": 176,
  "n_kinematic_dims": 7,
  "train_in_sample_r2_primary": 0.4484348162679753,
  "train_in_sample_r2_uniform": 0.34872802465638914,
  "train_in_sample_r2_per_dim": [
    0.24131299810888263,
    0.20525944224502335,
    0.18817713993233665,
    0.43837026227811793,
    0.4780241022878461,
    0.4726977451712866,
    0.41725448257122855
  ],
  "held_out_sessions": [
    {
      "session_id": "S0_set_2",
      "days_from_train": 0.0,
      "r2_per_dim": [
        -0.04825671846651591,
        0.04862591444695041,
        -0.18135081054560231,
        0.30614903404567184,
        0.3501146712584309,
        0.255011715476392,
        0.3320498413120325
      ],
      "r2_primary": 0.3010788042563981,
      "r2_uniform": 0.15176337821819189
    },
    {
      "session_id": "S0_set_1",
      "days_from_train": 0.0,
      "r2_per_dim": [
        -0.06737246000200536,
        0.10880988440046213,
        0.1974004551281825,
        0.3288304851768462,
        0.6166201932428639,
        0.5928413168087787,
        0.5087033590423428
      ],
      "r2_primary": 0.5552475423208418,
      "r2_uniform": 0.32654760482821005
    },
    {
      "session_id": "S0_set_2",
      "days_from_train": 0.0,
      "r2_per_dim": [
        -0.01865588910821292,
        -0.0511110387910354,
        -23.875303661252428,
        0.4303341355773279,
        -0.21477506155079418,
        -0.22849454279238746,
        0.2189028206261746
      ],
      "r2_primary": 0.024362661738726088,
      "r2_uniform": -3.3913004624701975
    },
    {
      "session_id": "S1_set_1",
      "days_from_train": 7.0,
      "r2_per_dim": [
        -0.20219934554137864,
        -0.03744899198769103,
        -0.12298395833889386,
        0.21333757353772875,
        0.2469643803021464,
        0.11318225053188302,
        0.11654817452122912
      ],
      "r2_primary": 0.161475795669599,
      "r2_uniform": 0.04677144043213718
    },
    {
      "session_id": "S1_set_2",
      "days_from_train": 7.0,
      "r2_per_dim": [
        0.019934777074430032,
        0.03266234650144395,
        -0.051598602920588155,
        0.169007692847579,
        0.24888800557496504,
        0.08311006758115813,
        0.10883581651643881
      ],
      "r2_primary": 0.14412589151881944,
      "r2_uniform": 0.0872628718822002
    },
    {
      "session_id": "S1_set_3",
      "days_from_train": 7.0,
      "r2_per_dim": [
        -0.15524204202712966,
        0.029321890908761805,
        -0.16766673269207577,
        0.1991414695220698,
        0.17060992970383326,
        0.0381740410491207,
        0.01870861734856677
      ],
      "r2_primary": 0.0897675819396654,
      "r2_uniform": 0.019006739116159004
    },
    {
      "session_id": "S1_set_1",
      "days_from_train": 7.0,
      "r2_per_dim": [
        -0.32910765859283875,
        -0.19534698436666775,
        -0.5542311715572639,
        0.3086068466965941,
        -0.09648526251074219,
        -0.3609416870927593,
        -0.013114089635250181
      ],
      "r2_primary": -0.04056235021462437,
      "r2_uniform": -0.17723142957985047
    },
    {
      "session_id": "S1_set_2",
      "days_from_train": 7.0,
      "r2_per_dim": [
        0.02656479824569291,
        -0.009124863817562723,
        -0.18329498663434207,
        0.1220009271993655,
        0.38343115212057266,
        0.08476032048540016,
        0.12164818320519233
      ],
      "r2_primary": 0.2041056378758739,
      "r2_uniform": 0.07799793297204584
    },
    {
      "session_id": "S1_set_3",
      "days_from_train": 7.0,
      "r2_per_dim": [
        -0.014625902063396756,
        -45.01584176302422,
        -0.1642329612258615,
        0.30558418566286616,
        0.2849023498618868,
        0.13460931586743574,
        0.10190688737798814
      ],
      "r2_primary": 0.2042446460304452,
      "r2_uniform": -6.338242555363323
    },
    {
      "session_id": "S2_set_1",
      "days_from_train": 12.0,
      "r2_per_dim": [
        -0.03271753257239074,
        -0.16465074943330293,
        -0.14131260065558493,
        0.32076031618053247,
        -0.03225934801486052,
        0.02525649951796749,
        -0.3867785446904968
      ],
      "r2_primary": -0.06920055488710944,
      "r2_uniform": -0.05881456566687266
    },
    {
      "session_id": "S2_set_2",
      "days_from_train": 12.0,
      "r2_per_dim": [
        -0.129975125540025,
        -0.06063613489669062,
        -0.09970599493454935,
        0.29800170890376365,
        -0.04399182053982442,
        -0.02543984482160755,
        -0.5594821795445675
      ],
      "r2_primary": -0.14008120327145895,
      "r2_uniform": -0.08874705591052044
    },
    {
      "session_id": "S2_set_1",
      "days_from_train": 12.0,
      "r2_per_dim": [
        -0.038627745761626864,
        -0.22394173640564397,
        -0.844518138217442,
        0.31929738194032464,
        0.2294171967351718,
        0.24614996347572327,
        -0.37175837012117263
      ],
      "r2_primary": 0.0815737271135984,
      "r2_uniform": -0.09771163547923882
    },
    {
      "session_id": "S2_set_2",
      "days_from_train": 12.0,
      "r2_per_dim": [
        0.2769924254914715,
        0.07571129342377791,
        -0.3555454780637999,
        0.26404047182717805,
        -0.20606758964861083,
        0.11445647726309127,
        -0.3815093453711791
      ],
      "r2_primary": -0.05485467662168291,
      "r2_uniform": -0.030274535011152688
    },
    {
      "session_id": "S3_set_1",
      "days_from_train": 14.0,
      "r2_per_dim": [
        -0.3658970336455105,
        0.002477120114552367,
        -0.34368174955443975,
        0.1704423633585711,
        -0.04740717517465698,
        -0.2720232819364403,
        -0.39396609574478303
      ],
      "r2_primary": -0.19186047875997544,
      "r2_uniform": -0.17857940751181917
    },
    {
      "session_id": "S3_set_2",
      "days_from_train": 14.0,
      "r2_per_dim": [
        -0.07717504795175256,
        0.051639530545377066,
        -0.1281203551586445,
        0.22571736911114515,
        0.011402749415639568,
        -0.2278739843717199,
        -0.5108449438727589
      ],
      "r2_primary": -0.1833788372686857,
      "r2_uniform": -0.09360781175468035
    },
    {
      "session_id": "S3_set_1",
      "days_from_train": 14.0,
      "r2_per_dim": [
        -0.6891325514037321,
        -0.6496776520955516,
        -0.4405537531069421,
        -0.002275918807713495,
        0.08546708828993621,
        -16.888973960222863,
        -0.32684851150090766
      ],
      "r2_primary": -0.2627753601445025,
      "r2_uniform": -2.701713608406823
    },
    {
      "session_id": "S3_set_2",
      "days_from_train": 14.0,
      "r2_per_dim": [
        0.10704520281960717,
        0.11684270780808004,
        -1.1879604544480071,
        0.24971027960535175,
        -0.1850951047862217,
        -0.0760144961358511,
        -0.6489766333957405
      ],
      "r2_primary": -0.23012714506408477,
      "r2_uniform": -0.23206407121896908
    },
    {
      "session_id": "S4_set_1",
      "days_from_train": 18.0,